{
  "train": {
    "acc": 0.9740976645435244,
    "f1": 0.9740939621002164,
    "auc": 0.9970986795383291
  },
  "val": {
    "acc": 0.9387755102040817,
    "f1": 0.9386845757100705,
    "auc": 0.9881906173296902
  },
  "test": {
    "acc": 0.9421768707482994,
    "f1": 0.9421547637765644,
    "auc": 0.9763812346593804
  }
}