{
  "train": {
    "acc": 0.9773847802786709,
    "f1": 0.9773844620203813,
    "auc": 0.9965042177442793
  },
  "val": {
    "acc": 0.8847771236333053,
    "f1": 0.889088736623172,
    "auc": 0.9150373876655004
  },
  "test": {
    "acc": 0.8780487804878049,
    "f1": 0.8837316383148855,
    "auc": 0.9230175835306034
  }
}