{
  "train": {
    "acc": 0.9958333333333333,
    "f1": 0.9958332609941145,
    "auc": 0.9998611111111111
  },
  "val": {
    "acc": 0.92,
    "f1": 0.92,
    "auc": 0.98
  },
  "test": {
    "acc": 0.88,
    "f1": 0.888981288981289,
    "auc": 0.92
  }
}