{
  "ph2": {
    "train_acc_mean": 0.9633333333333333,
    "train_acc_std": 0.037546267753562707,
    "train_f1_mean": 0.9633169761049258,
    "train_f1_std": 0.0375678984841402,
    "train_auc_mean": 0.9931527777777778,
    "train_auc_std": 0.008730357140602508,
    "val_acc_mean": 0.9359999999999999,
    "val_acc_std": 0.021908902300206604,
    "val_f1_mean": 0.9353062330623306,
    "val_f1_std": 0.02095892279667466,
    "val_auc_mean": 0.924,
    "val_auc_std": 0.0456070170039655,
    "test_acc_mean": 0.8720000000000001,
    "test_acc_std": 0.017888543819998333,
    "test_f1_mean": 0.8881719901719903,
    "test_f1_std": 0.02145121365376318,
    "test_auc_mean": 0.916,
    "test_auc_std": 0.016733200530681527
  },
  "derm7pt": {
    "train_acc_mean": 0.8862155388471178,
    "train_acc_std": 0.05754459100248696,
    "train_f1_mean": 0.8851590468665643,
    "train_f1_std": 0.05885427844724342,
    "train_auc_mean": 0.9612942129760492,
    "train_auc_std": 0.025269900005199658,
    "val_acc_mean": 0.835483870967742,
    "val_acc_std": 0.0044171173992352064,
    "val_f1_mean": 0.8367425138812676,
    "val_f1_std": 0.003016331334769618,
    "val_auc_mean": 0.8709150326797385,
    "val_auc_std": 0.016004733056190667,
    "test_acc_mean": 0.8148,
    "test_acc_std": 0.00715541752799929,
    "test_f1_mean": 0.8069974773459793,
    "test_f1_std": 0.006023010091789565,
    "test_auc_mean": 0.8407632677400119,
    "test_auc_std": 0.013745720104034588
  },
  "ham10000": {
    "train_acc_mean": 0.8985852090032154,
    "train_acc_std": 0.0018477480762709444,
    "train_f1_mean": 0.8984698407075464,
    "train_f1_std": 0.0018766828804887435,
    "train_auc_mean": 0.97020027134174,
    "train_auc_std": 0.0015440745648077567,
    "val_acc_mean": 0.8716568544995795,
    "val_acc_std": 0.006421735632908708,
    "val_f1_mean": 0.8808317968636492,
    "val_f1_std": 0.004702933664045017,
    "val_auc_mean": 0.9184651620132172,
    "val_auc_std": 0.00028889767151159756,
    "test_acc_mean": 0.8703111858704794,
    "test_acc_std": 0.005778154428029488,
    "test_f1_mean": 0.8789206158387406,
    "test_f1_std": 0.0040753557681785174,
    "test_auc_mean": 0.9123816085456195,
    "test_auc_std": 0.00941218559278525
  },
  "imagenet": {
    "train_acc_mean": 0.9859872611464968,
    "train_acc_std": 1.243626707662363e-16,
    "train_f1_mean": 0.9859890051848297,
    "train_f1_std": 1.2412670766236366e-16,
    "train_auc_mean": 0.9992823201325658,
    "train_auc_std": 1.406894222326423e-06,
    "val_acc_mean": 0.9523809523809523,
    "val_acc_std": 0.0,
    "val_f1_mean": 0.9523875661375663,
    "val_f1_std": 1.2412670766236366e-16,
    "val_auc_mean": 0.9887463529847637,
    "val_auc_std": 1.2412670766236366e-16,
    "test_acc_mean": 0.9455782312925172,
    "test_acc_std": 1.2412670766236366e-16,
    "test_f1_mean": 0.9455857898715042,
    "test_f1_std": 1.2412670766236366e-16,
    "test_auc_mean": 0.9637262075672673,
    "test_auc_std": 2.536574619112352e-05
  }
}