{
  "train": {
    "acc": 0.9210526315789473,
    "f1": 0.9209869946171073,
    "auc": 0.9746798072876427
  },
  "val": {
    "acc": 0.8225806451612904,
    "f1": 0.8267143673150348,
    "auc": 0.884313725490196
  },
  "test": {
    "acc": 0.808,
    "f1": 0.8092705882352941,
    "auc": 0.8661299940369708
  }
}